<?xml version="1.0" encoding="UTF-8"?>
<!DOCTYPE suite SYSTEM "http://testng.org/testng-1.0.dtd">
<suite name="Suite" parallel = "tests">
  <test name="CookieTest">
  <parameter name = "browser" value = "chrome"></parameter>
    <classes>
      <class name="TestNGDay12March.CookieTest"/>
   
    </classes>
  </test> <!-- CookieTest -->
  
  <test name="ScrollingDemo">
   <parameter name = "browser" value = "chrome"></parameter>
    <classes>
    <class name="TestNGDay12March.ScrollingDemo"/>
     </classes>
  </test> <!-- ScrollingDemo -->
  
  
   <test name="alertExample">
    <parameter name = "browser" value = "chrome"></parameter>
    <classes>
    <class name="TestNGDay12March.alertExample"/>
     </classes>
  </test> <!-- alertExample -->
  
  
   <test name="OracleCookieTest">
    <parameter name = "browser" value = "firefox"></parameter>
    <classes>
    <class name="TestNGDay12March.OracleCookieTest"/>
     </classes>
  </test> <!-- OracleCookieTest -->
  
  
  <test name="OracleCookieTestWay2">
   <parameter name = "browser" value = "firefox"></parameter>
    <classes>
    <class name="TestNGDay12March.OracleCookieTestWay2"/>
     </classes>
  </test> <!-- OracleCookieTestWay2 -->
  
</suite> <!-- Suite -->
